iter	MultiClass
0	1.090756832
1	1.082831964
2	1.075015319
3	1.067513593
4	1.060553185
5	1.053604391
6	1.046614927
7	1.040154285
8	1.034244412
9	1.028007652
10	1.022236789
11	1.017124014
12	1.011935778
13	1.006781608
